<?xml version="1.0" encoding="UTF-8"?>
<!DOCTYPE mapper PUBLIC "-//mybatis.org//DTD Mapper 3.0//EN" "http://mybatis.org/dtd/mybatis-3-mapper.dtd">
<mapper namespace="com.cn.link.mapper.BankMapper">
  <resultMap id="BaseResultMap" type="com.cn.link.model.Bank">
    <id column="id" jdbcType="INTEGER" property="id" />
    <result column="bank" jdbcType="CHAR" property="bank" />
  </resultMap>
  <sql id="Base_Column_List">
    id, bank
  </sql>
  <select id="selectByPrimaryKey" parameterType="java.lang.Integer" resultMap="BaseResultMap">
    select 
    <include refid="Base_Column_List" />
    from bank
    where id = #{id,jdbcType=INTEGER}
  </select>
  <delete id="deleteByPrimaryKey" parameterType="java.lang.Integer">
    delete from bank
    where id = #{id,jdbcType=INTEGER}
  </delete>
  <insert id="insert" parameterType="com.cn.link.model.Bank">
    insert into bank (id, bank)
    values (#{id,jdbcType=INTEGER}, #{bank,jdbcType=CHAR})
  </insert>
  <insert id="insertSelective" parameterType="com.cn.link.model.Bank">
    insert into bank
    <trim prefix="(" suffix=")" suffixOverrides=",">
      <if test="id != null">
        id,
      </if>
      <if test="bank != null">
        bank,
      </if>
    </trim>
    <trim prefix="values (" suffix=")" suffixOverrides=",">
      <if test="id != null">
        #{id,jdbcType=INTEGER},
      </if>
      <if test="bank != null">
        #{bank,jdbcType=CHAR},
      </if>
    </trim>
  </insert>
  <update id="updateByPrimaryKeySelective" parameterType="com.cn.link.model.Bank">
    update bank
    <set>
      <if test="bank != null">
        bank = #{bank,jdbcType=CHAR},
      </if>
    </set>
    where id = #{id,jdbcType=INTEGER}
  </update>
  <update id="updateByPrimaryKey" parameterType="com.cn.link.model.Bank">
    update bank
    set bank = #{bank,jdbcType=CHAR}
    where id = #{id,jdbcType=INTEGER}
  </update>
  
  <select id="queryBank" resultType="java.lang.String">
    select DISTINCT bank
    from bank
  </select>
</mapper>